Date,CO2_Coal_Mt,CO2_Lignite_Mt,CO2_Gas_Mt,Total_CO2_Mt
2022-12-31,0.0,1.365375,1.1347000000000003,2.5000750000000003
2023-01-01,245.776565,244.370665,195.17917,685.3264
2023-01-02,312.1306675,492.60505250000006,319.9979000000001,1124.7336200000002
2023-01-03,402.57872125,620.3964800000001,369.04563,1392.0208312500001
2023-01-04,359.53693125,387.6442625,292.7243,1039.90549375
2023-01-05,387.15035,483.65399500000007,359.55107,1230.355415
2023-01-06,333.5822025,538.4987025,267.79972,1139.880625
2023-01-07,269.57038124999997,425.683225,232.84310000000002,928.09670625
2023-01-08,265.0997,372.29423,207.62624000000002,845.02017
2023-01-09,388.47879374999997,598.9367175000001,298.65757,1286.07308125
2023-01-10,458.01446749999997,642.6165625,309.18489999999997,1409.81593
2023-01-11,403.84942874999996,538.5143225,318.4814,1260.84515125
2023-01-12,346.54816625,411.4732875,326.02495000000005,1084.04640375
2023-01-13,342.2717525,379.5050325,349.81044,1071.587225
2023-01-14,272.27605875,302.9825425,244.779,820.0376012500001
2023-01-15,276.24101125000004,272.91915750000004,207.72456,756.8847287500001
2023-01-16,424.23538249999996,550.8836575,326.8025,1301.92154
2023-01-17,481.78835124999995,630.7610925,430.67241000000007,1543.22185375
2023-01-18,552.2344175,659.555875,476.69813,1688.4884224999998
2023-01-19,592.13397,631.3362275000001,470.53679000000005,1694.0069875000002
2023-01-20,644.560865,682.3400925000001,558.96249,1885.8634475
2023-01-21,542.5493262499999,631.5705,388.00194000000005,1562.12176625
2023-01-22,556.78774,650.7396225000001,384.60302,1592.1303825
2023-01-23,649.75345125,704.8159800000001,603.58325,1958.1526812500001
2023-01-24,688.3861425,706.29504,653.0087100000001,2047.6898925
2023-01-25,699.22145375,710.4257600000001,640.28964,2049.93685375
2023-01-26,691.9183175000001,726.8661675000001,601.9455700000001,2020.7300550000002
2023-01-27,651.91627625,708.7714700000001,562.0327000000001,1922.7204462500004
2023-01-28,544.35506625,701.8447150000001,482.58049000000005,1728.7802712500002
2023-01-29,380.34457,493.85113250000006,386.70943,1260.9051325
2023-01-30,385.81023999999996,449.19022500000005,489.80486,1324.805325
2023-01-31,407.19077875,452.25642000000005,473.11866000000003,1332.5658587500002
2023-02-01,366.6779725,432.4104675,438.39462000000003,1237.48306
2023-02-02,445.0666725,587.9933950000001,514.7827900000001,1547.8428575000003
2023-02-03,425.5797425,507.78574,465.45139,1398.8168725
2023-02-04,454.49007,591.0938825000001,401.04279,1446.6267425
2023-02-05,418.18408374999996,586.3610775000001,277.38614,1281.9313012500002
2023-02-06,593.1547137499999,695.8630250000001,554.6882800000001,1843.70601875
2023-02-07,625.0180475,684.262865,620.45903,1929.7399424999999
2023-02-08,598.83095,677.5873775,597.89259,1874.3109175
2023-02-09,515.4239349999999,643.0052200000001,616.04247,1774.4716250000001
2023-02-10,499.51221125,630.2816300000001,557.85437,1687.64821125
2023-02-11,453.5872425,519.14841,445.51203,1418.2476824999999
2023-02-12,482.61875875000004,666.6496650000001,409.99858000000006,1559.2670037500002
2023-02-13,571.3045500000001,704.29557,619.8020500000001,1895.4021700000003
2023-02-14,623.1626887499999,710.4106075000002,626.52966,1960.1029562500003
2023-02-15,619.6645349999999,712.0138575000001,609.82692,1941.5053125
2023-02-16,559.53360125,684.23278,535.01975,1778.78613125
2023-02-17,414.28689749999995,424.62563000000006,443.57617000000005,1282.4886975
2023-02-18,328.09105375,358.88946500000003,295.09188,982.07239875
2023-02-19,313.26548125,388.05255500000004,300.92859,1002.24662625
2023-02-20,372.870605,375.41572750000006,424.03082000000006,1172.3171525000002
2023-02-21,458.4144775,544.5990275,558.98389,1561.9973949999999
2023-02-22,554.26426,655.8302850000001,637.76372,1847.8582650000003
2023-02-23,529.98619875,663.4797950000001,619.4187400000001,1812.8847337500001
2023-02-24,447.62332375,573.79751,522.1175200000001,1543.5383537500002
2023-02-25,338.04808125,400.30498750000004,359.78191000000004,1098.13497875
2023-02-26,330.9218725,455.9895175,284.86511,1071.7765
2023-02-27,525.60389625,655.2104075000001,534.1995900000001,1715.01389375
2023-02-28,529.11949625,668.3699825000001,600.15993,1797.6494087500002
2023-03-01,508.44311874999994,663.8706800000001,651.36595,1823.6797487499998
2023-03-02,510.13789125,676.5334125,655.81628,1842.48758375
2023-03-03,505.887955,646.3763075,651.32714,1803.5914025000002
2023-03-04,381.95617,502.47015500000003,454.16836000000006,1338.594685
2023-03-05,408.07917749999996,549.5726225000001,469.98726,1427.63906
2023-03-06,508.34337124999996,644.2432425000002,623.6279300000001,1776.2145437500003
2023-03-07,417.29591874999994,562.5868325,494.32703000000004,1474.20978125
2023-03-08,488.8789875,646.8039600000001,503.19202000000007,1638.8749675
2023-03-09,466.11012250000005,634.4322875,423.01881000000003,1523.56122
2023-03-10,377.5526175,529.5546575000001,354.29535,1261.4026250000002
2023-03-11,351.9561425,417.53965000000005,267.48555000000005,1036.9813425000002
2023-03-12,288.24139625,325.41363250000006,223.90884000000003,837.5638687500001
2023-03-13,318.15748625000003,301.6854225,258.18699000000004,878.0298987500001
2023-03-14,346.36758375,356.00499,301.77017,1004.14274375
2023-03-15,381.96891999999997,540.9612725,420.27153,1343.2017225
2023-03-16,335.45524125000003,502.50227500000005,317.41974000000005,1155.37725625
2023-03-17,328.84534375000004,450.05504500000006,307.76610000000005,1086.66648875
2023-03-18,290.56325624999994,420.02889500000003,283.53301000000005,994.12516125
2023-03-19,309.31990875,468.21285500000005,302.84755,1080.3803137500001
2023-03-20,368.12490625,597.4309000000001,482.27877,1447.83457625
2023-03-21,379.62081625,604.9764600000001,469.2611,1453.85837625
2023-03-22,345.91141,384.70646500000004,322.33895000000007,1052.9568250000002
2023-03-23,334.59453125,353.13418250000007,287.56551,975.29422375
2023-03-24,332.94066499999997,321.979735,253.28591000000003,908.20631
2023-03-25,276.34373375,240.7896425,184.52537,701.6587462500001
2023-03-26,255.45532374999996,255.89137750000006,172.80716,684.1538612500001
2023-03-27,351.37115124999997,354.47937250000007,308.0872,1013.93772375
2023-03-28,390.22830625,459.0464175000001,365.72797,1215.0026937500002
2023-03-29,361.89019874999997,543.9573700000001,364.03888000000006,1269.88644875
2023-03-30,312.90712125,430.8957950000001,263.87921,1007.68212625
2023-03-31,309.59938875,433.84055000000006,246.64327000000003,990.08320875
2023-04-01,230.60584999999998,306.7015325000001,165.27721,702.5845925000001
2023-04-02,223.83366624999996,308.77794750000004,190.36406,722.97567375
2023-04-03,321.40153250000003,519.73922,301.71914000000004,1142.8598925000001
2023-04-04,393.72231625,590.525595,351.10287,1335.35078125
2023-04-05,406.70517375,612.7113575,421.48129,1440.8978212499999
2023-04-06,345.442295,597.2170875,371.55163000000005,1314.2110125
2023-04-07,299.2723775,572.9051625,375.93904,1248.1165799999999
2023-04-08,278.21945,543.4190850000001,317.78305,1139.421585
2023-04-09,251.18915249999998,391.81785500000007,260.40821,903.4152175000002
2023-04-10,214.65217875000002,249.661335,194.35278,658.66629375
2023-04-11,258.50242499999996,330.1009525,270.48525,859.0886275
2023-04-12,283.89968124999996,456.58549750000003,310.13745,1050.6226287499999
2023-04-13,288.513035,471.35816750000004,331.05727,1090.9284725
2023-04-14,328.89655625,546.4936125,335.38081000000005,1210.77097875
2023-04-15,235.39521749999997,437.0825525000001,247.35337,919.8311400000001
2023-04-16,249.3188975,459.92435500000005,247.69458999999998,956.9378425
2023-04-17,306.88737875,530.434795,364.19961,1201.52178375
2023-04-18,295.81224,514.75622,360.30775000000006,1170.87621
2023-04-19,313.59526,446.7133275,357.63583,1117.9444174999999
2023-04-20,317.56932875,459.10023500000005,402.12009,1178.78965375
2023-04-21,283.0718875,399.817385,371.15077,1054.0400425
2023-04-22,240.25864125000004,351.6381,269.32457,861.2213112500001
2023-04-23,188.13897875,332.8174025,209.62461,730.58099125
2023-04-24,254.31279624999996,426.94448500000004,261.6977,942.95498125
2023-04-25,315.98514125,460.07200250000005,306.29075,1082.34789375
2023-04-26,304.70387750000003,484.8231850000001,405.13181000000003,1194.6588725000001
2023-04-27,264.67933250000004,532.230435,428.17599,1225.0857575
2023-04-28,247.03926124999995,561.3066249999999,393.18903,1201.53491625
2023-04-29,198.66012999999998,445.42432,267.68092,911.7653700000001
2023-04-30,193.20210999999998,332.270785,209.56325000000004,735.036145
2023-05-01,189.70098125,338.4092525,206.41017000000002,734.52040375
2023-05-02,207.45382625,425.28510750000004,337.1157800000001,969.8547137500001
2023-05-03,212.8601875,445.36970500000007,301.07862,959.3085125
2023-05-04,202.70795749999996,442.67278000000005,285.09815,930.4788874999999
2023-05-05,220.94464374999998,384.86406750000003,319.55670000000003,925.3654112500001
2023-05-06,204.9299,374.39198500000003,243.58231,822.9041950000001
2023-05-07,203.43304999999998,309.6269275,199.63272,712.6926975000001
2023-05-08,241.7206625,384.5596425,323.51317000000006,949.7934750000001
2023-05-09,249.47391625000003,365.75420750000006,351.92470000000003,967.1528237500002
2023-05-10,237.4554475,458.77873250000005,346.74017000000003,1042.97435
2023-05-11,248.19254124999998,529.4820850000001,347.68692000000004,1125.3615462500002
2023-05-12,204.09670875,473.1213025,295.53296,972.75097125
2023-05-13,181.525575,307.81679500000007,210.99674000000002,700.3391100000001
2023-05-14,183.11016625,303.48032,199.45139,686.0418762500001
2023-05-15,235.86832749999996,390.9137375,277.05972,903.8417850000001
2023-05-16,239.05929124999997,352.044055,249.72594,840.82928625
2023-05-17,251.23173749999995,361.59612500000003,251.69050000000004,864.5183625000001
2023-05-18,242.91457250000002,336.2468725,250.62316,829.7846049999999
2023-05-19,233.60122875,336.26535250000006,246.44423000000003,816.3108112500001
2023-05-20,180.132935,268.67874,172.35347000000002,621.165145
2023-05-21,170.67721625000001,236.10488,146.75588000000002,553.53797625
2023-05-22,199.96150125,347.27891000000005,263.85008000000005,811.0904912500001
2023-05-23,219.41825624999998,380.36435250000005,264.24857000000003,864.03117875
2023-05-24,235.28554625,416.3568200000001,339.06359,990.7059562500001
2023-05-25,223.0681775,382.100675,278.51559,883.6844424999999
2023-05-26,204.78187250000002,274.54795500000006,217.33645,696.6662775000001
2023-05-27,166.48816125,234.79387250000005,215.8214,617.10343375
2023-05-28,164.4682425,206.6234225,191.45564000000002,562.547305
2023-05-29,207.59981375,245.746215,240.87731,694.22333875
2023-05-30,218.7983725,269.3915125,325.74443,813.934315
2023-05-31,222.83978249999998,273.223005,335.62927,831.6920575
2023-06-01,227.02626625,260.1632275,326.81262000000004,814.00211375
2023-06-02,188.38339624999998,261.43757750000003,291.61746,741.4384337500001
2023-06-03,157.2777525,237.70824000000002,238.50198,633.4879725000001
2023-06-04,157.9840175,224.6434025,220.73889,603.36631
2023-06-05,198.59419125000002,295.25309000000004,364.8935,858.74078125
2023-06-06,225.09136874999996,347.9330800000001,372.64107,945.66551875
2023-06-07,234.14680124999998,397.7868125,394.69163000000003,1026.62524375
2023-06-08,191.00071625,322.04765999999995,343.76844000000006,856.81681625
2023-06-09,197.03918,331.7615675,289.54224,818.3429874999999
2023-06-10,136.05629125,225.93593,220.95913000000002,582.95135125
2023-06-11,130.7289375,224.06370250000003,202.30034,557.09298
2023-06-12,184.22995624999996,341.498025,334.67508000000004,860.4030612500001
2023-06-13,210.55383999999995,379.34971250000007,355.00700000000006,944.9105525000001
2023-06-14,230.16971500000002,398.54124750000005,374.41055000000006,1003.1215125000001
2023-06-15,273.99014750000003,435.22157250000004,398.45443,1107.66615
2023-06-16,269.32133124999996,483.63557000000003,368.57637,1121.5332712499999
2023-06-17,158.3870025,367.32355,280.60535,806.3159025
2023-06-18,143.0567,345.47625750000003,245.22289,733.7558475000001
2023-06-19,229.26240375,456.37548000000004,381.81849,1067.45637375
2023-06-20,277.46677500000004,511.72442750000005,461.2441,1250.4353025
2023-06-21,290.2781025,495.25850000000014,451.24676,1236.7833625
2023-06-22,301.01851124999996,496.2137675000001,460.65247,1257.88474875
2023-06-23,261.60749625,453.22645500000004,373.19603,1088.02998125
2023-06-24,159.2785675,298.6082,275.54675000000003,733.4335175000001
2023-06-25,146.32131625,273.2583425,240.69403000000003,660.27368875
2023-06-26,212.04879874999997,341.43469250000004,325.08693,878.57042125
2023-06-27,224.75383375000004,394.458295,391.14686,1010.35898875
2023-06-28,246.10872375,456.99016000000006,473.61568,1176.71456375
2023-06-29,246.43064,517.9672575000001,463.59836000000007,1227.9962575000002
2023-06-30,246.46614874999997,509.76431,407.45802000000003,1163.68847875
2023-07-01,169.35697499999998,239.86523,208.15513,617.377335
2023-07-02,136.38881125,199.0595475,173.66476,509.11311875
2023-07-03,189.69150375000004,271.84905000000003,294.93554,756.47609375
2023-07-04,214.0971075,322.7023525,382.60672,919.40618
2023-07-05,225.72228125,343.9084825,352.339,921.9697637500001
2023-07-06,238.00616250000004,423.5370975,413.58599000000004,1075.12925
2023-07-07,221.05813999999998,423.76345000000003,377.58623,1022.40782
2023-07-08,164.45783,318.3957975,280.58753,763.4411575
2023-07-09,165.89127,301.38853250000005,287.08937000000003,754.3691725000001
2023-07-10,221.558535,433.41795750000006,512.13404,1167.1105325
2023-07-11,225.14219875,438.03215500000005,520.70802,1183.8823737500002
2023-07-12,220.13000375,394.3712575,487.96721,1102.46847125
2023-07-13,217.85567999999998,424.07389750000004,504.85222000000005,1146.7817975
2023-07-14,201.78419875,416.61433,446.34081,1064.73933875
2023-07-15,153.88876,311.6832125000001,262.44691000000006,728.0188825000001
2023-07-16,152.1709525,293.12393000000003,243.11788,688.4127625000001
2023-07-17,213.8863075,376.57576000000006,444.26912000000004,1034.7311875
2023-07-18,219.09944249999998,438.15120250000007,564.7434000000001,1221.9940450000001
2023-07-19,234.34772000000004,481.05483250000003,581.4405300000001,1296.8430825
2023-07-20,226.17548,441.07651500000003,540.5912900000001,1207.8432850000002
2023-07-21,224.5437775,453.36002250000007,505.38574,1183.28954
2023-07-22,168.12677000000002,308.0468875,314.85158,791.0252375
2023-07-23,161.74694625,269.01432250000005,247.25399000000004,678.0152587500002
2023-07-24,206.21711875,358.2062,404.09784,968.52115875
2023-07-25,222.70612,391.71899250000007,414.67212,1029.0972325
2023-07-26,229.95258250000003,360.927325,370.32957,961.2094775
2023-07-27,217.75380750000005,365.1758825,346.77793,929.7076200000001
2023-07-28,216.9700225,394.9060775000001,400.73059000000006,1012.6066900000001
2023-07-29,175.08950249999998,300.3017875,292.39355,767.78484
2023-07-30,167.38440125,256.9359375,208.35968,632.68001875
2023-07-31,191.6088275,271.83266000000003,325.21895,788.6604375
2023-08-01,202.12150000000003,283.89677250000005,327.44343000000003,813.4617025000001
2023-08-02,197.7715825,261.2753275,285.53782,744.58473
2023-08-03,187.4570875,264.58465000000007,298.92222,750.9639575000001
2023-08-04,202.37735,320.72675250000003,355.94657000000007,879.0506725000001
2023-08-05,158.29805,284.41204000000005,261.08337,703.7934600000001
2023-08-06,133.82790999999997,241.691615,157.39618000000002,532.915705
2023-08-07,166.18537,261.929195,216.49426,644.608825
2023-08-08,184.21350875,260.51872000000003,263.48432,708.21654875
2023-08-09,222.31099749999998,318.84195750000003,366.87205,908.025005
2023-08-10,235.173155,354.8194925,356.48987000000005,946.4825175000001
2023-08-11,245.58501749999996,344.00003,321.81532000000004,911.4003675
2023-08-12,175.87220375,300.423585,223.43510000000003,699.7308887500001
2023-08-13,168.34981000000002,262.909735,213.94492000000002,645.204465
2023-08-14,204.7605375,360.0629725,297.91043,862.73394
2023-08-15,170.3867075,354.2278575,299.31190000000004,823.9264650000001
2023-08-16,235.23741499999997,419.0109,383.34583,1037.594145
2023-08-17,249.00180499999996,427.7244675,370.85377,1047.5800425
2023-08-18,232.88370124999997,430.08900000000006,351.40052000000003,1014.37322125
2023-08-19,210.12905249999997,327.37639,285.557,823.0624425
2023-08-20,194.19629125,317.6896525000001,307.28788000000003,819.1738237500001
2023-08-21,283.19314,488.43795,449.47208,1221.10317
2023-08-22,312.22950125,545.1233975,528.6588399999999,1386.01173875
2023-08-23,347.30500625,533.3702825000001,563.75889,1444.4341787500002
2023-08-24,376.73542749999996,534.3825575000001,573.64782,1484.765805
2023-08-25,318.94110125,527.7244775,580.9027600000001,1427.56833875
2023-08-26,230.76647875,454.85121000000004,389.52521,1075.14289875
2023-08-27,203.96060250000002,406.87798250000003,286.82056000000006,897.6591450000001
2023-08-28,293.3204225,539.8446075,391.55761,1224.7226400000002
2023-08-29,323.5975075,591.15386,422.14583999999996,1336.8972075
2023-08-30,299.348665,564.4372525,381.04243,1244.8283475
2023-08-31,237.02689874999996,480.156985,399.50182,1116.68570375
2023-09-01,229.82784499999997,472.61533,427.91684,1130.3600149999997
2023-09-02,216.74043749999998,361.29046250000005,319.241,897.2719
2023-09-03,196.00953249999998,319.6330225,215.33864,730.9811949999998
2023-09-04,248.65277375000002,392.7566225,313.83983,955.24922625
2023-09-05,248.73471375,429.19849500000004,372.1241,1050.0573087500002
2023-09-06,271.160115,455.3769825,422.90634,1149.4434375
2023-09-07,265.98778,436.07319250000006,422.74422000000004,1124.8051925
2023-09-08,277.59518875000003,452.6951825,418.39843999999994,1148.68881125
2023-09-09,235.48963124999995,436.6234125000001,309.36041,981.4734537500001
2023-09-10,218.90908499999998,391.9042325000001,271.43787,882.2511875
2023-09-11,336.1156275,476.01600750000006,454.50125,1266.632885
2023-09-12,386.8114975,540.8687075000001,521.1154700000001,1448.7956750000003
2023-09-13,358.85705874999996,550.1619475,475.2775000000001,1384.29650625
2023-09-14,376.52796374999997,559.3850900000001,487.71822000000003,1423.63127375
2023-09-15,303.8685825,513.261155,452.29311,1269.4228475
2023-09-16,217.551805,398.72789,313.63710000000003,929.916795
2023-09-17,209.97108,368.53269750000004,234.49757,813.0013475000001
2023-09-18,255.3181975,406.0100825,334.31156000000004,995.63984
2023-09-19,273.204535,388.610805,356.2043100000001,1018.0196500000002
2023-09-20,271.708195,353.1171325,360.66891000000004,985.4942375
2023-09-21,263.3438125,453.52224500000005,367.7753,1084.6413575000001
2023-09-22,264.66826124999994,519.6208325000001,347.42221,1131.71130375
2023-09-23,208.5825625,413.5321025,247.3596,869.4742650000001
2023-09-24,188.15240874999995,322.6308525,179.51344000000003,690.29670125
2023-09-25,290.28734625,415.54411250000004,329.85454000000004,1035.6859987500002
2023-09-26,358.631065,509.00333000000006,389.72475000000003,1257.3591450000001
2023-09-27,349.0899,478.258935,388.91359,1216.262425
2023-09-28,297.64405374999996,448.09567,375.32919000000004,1121.0689137499999
2023-09-29,281.0768525,477.73528000000005,360.39348,1119.2056125
2023-09-30,226.22939125,395.14557500000006,280.45046,901.8254262500001
2023-10-01,199.21549875,351.01847000000004,224.31369,774.54765875
2023-10-02,284.66629624999996,493.384155,380.89254000000005,1158.94299125
2023-10-03,208.48759625,268.371015,326.03148000000004,802.8900912500001
2023-10-04,249.48001499999998,318.84545,391.51545,959.840915
2023-10-05,259.7155875,419.513325,453.74598,1132.9748925
2023-10-06,248.52053499999997,390.68766,393.23183,1032.4400249999999
2023-10-07,195.47348,297.04760250000004,260.85675000000003,753.3778325000001
2023-10-08,193.96349750000002,367.67095750000004,287.83721,849.4716650000001
2023-10-09,334.06219749999997,535.3954375000001,502.02803000000006,1371.4856650000002
2023-10-10,348.59549749999996,563.1290225,493.34081,1405.06533
2023-10-11,262.53673749999996,360.4321875,394.94758,1017.9165049999999
2023-10-12,352.85571875000005,530.0944275,453.17029,1336.1204362500002
2023-10-13,259.63266999999996,427.29541250000005,334.7719,1021.6999825
2023-10-14,195.75449,280.11478,247.95337,723.8226400000001
2023-10-15,193.7257525,318.62580750000006,219.85308999999998,732.20465
2023-10-16,382.85493875,580.1057900000001,427.41398000000004,1390.37470875
2023-10-17,407.63838875,646.5623175000002,405.36889,1459.5695962500001
2023-10-18,291.81534875,567.9111075000001,348.627,1208.3534562500001
2023-10-19,315.44464750000003,513.905535,341.43271000000004,1170.7828925000001
2023-10-20,273.54629874999995,438.0283600000001,275.71441,987.2890687500001
2023-10-21,226.09024624999998,329.62248,208.99555999999998,764.7082862499999
2023-10-22,227.79303000000002,378.3618575,200.56603,806.7209175
2023-10-23,379.44624749999997,614.954175,445.9459,1440.3463224999998
2023-10-24,376.91581874999997,632.1899099999999,401.50546,1410.6111887499999
2023-10-25,401.78545875,593.5706150000001,356.80568000000005,1352.1617537500001
2023-10-26,428.84100125,601.3153025,366.64686000000006,1396.80316375
2023-10-27,397.59277000000003,634.5046400000001,283.08916,1315.18657
2023-10-28,240.92650749999999,391.77231500000005,167.4239,800.1227225
2023-10-29,195.6397825,251.5914775,147.34514000000001,594.5764
2023-10-30,311.9488525,465.895595,267.88238,1045.7268275000001
2023-10-31,292.410625,498.84898250000003,271.25216,1062.5117675000001
2023-11-01,211.33252499999998,318.1947175,176.62126,706.1485025000001
2023-11-02,232.10603625,313.16714,217.03792000000004,762.31109625
2023-11-03,236.65880625,347.775175,206.24262,790.67660125
2023-11-04,185.18726875000002,243.87704,144.83046,573.89476875
2023-11-05,169.34464999999997,268.7949,140.21582,578.35537
2023-11-06,223.54245625000001,377.43700500000006,253.51217000000003,854.4916312500002
2023-11-07,288.18096125,479.7352725,338.48367,1106.39990375
2023-11-08,305.5700275,477.51951500000007,313.9547,1097.0442425
2023-11-09,319.8703,544.6242175000001,333.59791,1198.0924275
2023-11-10,305.45793375,598.5136575000001,303.85314,1207.82473125
2023-11-11,284.76946499999997,560.034255,240.20324000000002,1085.00696
2023-11-12,283.479675,565.9479924999999,247.52780000000004,1096.9554675
2023-11-13,318.1628625,530.3409375000001,317.22975,1165.7335500000002
2023-11-14,280.40401375,383.5916975,297.19116,961.18687125
2023-11-15,351.35236625,557.4714200000001,367.21825,1276.04203625
2023-11-16,412.10807125,597.4901625,450.10975,1459.70798375
2023-11-17,429.51772875,667.4183999999999,425.65006999999997,1522.5861987499998
2023-11-18,256.00708,505.23453750000004,260.5106,1021.7522175000001
2023-11-19,220.12048374999995,311.83930250000003,213.95528000000002,745.91506625
2023-11-20,385.32695125,542.4074425000001,410.13232,1337.8667137500001
2023-11-21,474.50113125,642.328225,462.31304,1579.14239625
2023-11-22,448.606795,648.8113500000001,428.17803000000004,1525.5961750000001
2023-11-23,332.56239374999996,364.91807,348.66154000000006,1046.14200375
2023-11-24,324.0916125,376.2748275,333.28456000000006,1033.651
2023-11-25,322.15864875,526.8493725000001,269.45564,1118.46366125
2023-11-26,401.66924249999994,643.4042725000002,364.56238,1409.6358950000001
2023-11-27,462.77461625,720.6875225000001,506.52065000000005,1689.98278875
2023-11-28,492.8816375,688.3610800000001,536.6225499999999,1717.8652675000003
2023-11-29,507.60869499999995,690.2132600000001,587.9704300000001,1785.7923850000002
2023-11-30,539.1978824999999,714.3265250000001,645.31658,1898.8409875000002
2023-12-01,536.8526687499999,730.6679325,614.99977,1882.5203712499997
2023-12-02,456.72454999999997,706.7177425,508.35302,1671.7953125
2023-12-03,430.08633625,700.79174,362.97168000000005,1493.8497562500002
2023-12-04,474.83715750000005,735.1102825000002,545.93084,1755.8782800000001
2023-12-05,459.86462,702.3664725,616.1432500000001,1778.3743425
2023-12-06,497.37242124999995,724.6959500000002,676.78074,1898.84911125
2023-12-07,487.27918125,720.2992225,588.00148,1795.5798837500001
2023-12-08,424.00273749999997,703.7486225,443.72726000000006,1571.47862
2023-12-09,301.7079675,480.9860275000001,290.41036,1073.1043550000002
2023-12-10,246.69129249999995,369.835235,224.20719,840.7337174999999
2023-12-11,336.53790749999996,594.2504425000001,408.9669,1339.7552500000002
2023-12-12,443.69511249999994,696.50933,491.13288000000006,1631.3373225
2023-12-13,405.28023375,691.566865,466.41106,1563.25815875
2023-12-14,455.48658875,717.6713500000001,544.23109,1717.38902875
2023-12-15,366.93235624999994,706.6114000000001,443.55573000000004,1517.0994862500002
2023-12-16,253.21087749999998,426.9976975000001,274.80913000000004,955.0177050000002
2023-12-17,255.618035,362.88766250000003,261.45416,879.9598575
2023-12-18,295.19450250000006,461.1007225000001,442.90525,1199.200475
2023-12-19,286.97387625,497.82414000000006,441.82993,1226.6279462500002
2023-12-20,280.15987249999995,406.6382925,369.50659,1056.304755
2023-12-21,246.6853,318.11238249999997,297.98893,862.7866124999999
2023-12-22,201.2181625,312.52977250000004,221.34140000000002,735.0893350000001
2023-12-23,194.63659124999998,283.90736000000004,192.94007,671.4840212500001
2023-12-24,171.8920575,245.51793750000002,215.0156,632.4255949999999
2023-12-25,165.23725875,220.45776500000002,233.68763,619.38265375
2023-12-26,172.04391,236.9063125,269.75413,678.7043524999999
2023-12-27,203.67060375,287.69939,330.36774,821.73773375
2023-12-28,202.72264124999998,239.18116750000004,281.21405,723.1178587500001
2023-12-29,183.90481000000003,239.67908250000002,325.4105,748.9943925
2023-12-30,178.80308875,264.63112500000005,263.16469,706.5989037500001
2023-12-31,177.58191499999998,265.04978500000004,251.94959,694.5812900000001
2024-01-01,171.69827875000001,226.0423,222.26808000000003,620.0086587500001
2024-01-02,195.14042875,283.607555,272.60509,751.35307375
2024-01-03,208.88920000000002,274.43028250000003,255.00304000000003,738.3225225000001
2024-01-04,259.15728624999997,422.0653525000001,356.40256,1037.62519875
2024-01-05,287.96387125,517.6553525,365.9863,1171.60552375
2024-01-06,249.42754874999997,518.5925250000001,323.41291,1091.4329837500002
2024-01-07,250.02981624999998,494.3984925000001,291.05439,1035.48269875
2024-01-08,372.34853499999997,566.110105,539.5241599999999,1477.9827999999998
2024-01-09,457.99935874999994,638.915915,702.6753900000001,1799.59066375
2024-01-10,473.54634749999997,673.0976999999999,765.8346300000001,1912.4786775
2024-01-11,472.63006875,687.1311700000001,733.5850300000001,1893.34626875
2024-01-12,457.98871249999996,667.66843,675.6955600000001,1801.3527025
2024-01-13,344.78760375,512.5501700000001,453.9374700000001,1311.2752437500003
2024-01-14,300.2277775,455.63949750000006,367.62462000000005,1123.491895
2024-01-15,347.4768125,566.8410275,503.84625,1418.16409
2024-01-16,436.6282975,676.3736925000001,611.5662100000001,1724.5682000000002
2024-01-17,411.50333874999995,670.8110750000001,576.3363499999999,1658.65076375
2024-01-18,388.3454925,673.3738825000001,544.59221,1606.3115850000002
2024-01-19,336.21786124999994,553.3198825000001,502.6946300000001,1392.23237375
2024-01-20,259.69319,409.1061975,388.31006,1057.1094475
2024-01-21,237.08576125000002,277.93502,271.41321000000005,786.4339912500001
2024-01-22,269.476095,314.8855325,377.39119000000005,961.7528175
2024-01-23,270.49794375000005,354.36929000000003,419.32952,1044.19675375
2024-01-24,271.27503499999995,327.26141250000006,382.37373,980.9101775
2024-01-25,288.72098750000004,395.03343000000007,474.66556,1158.4199775000002
2024-01-26,306.2535975,383.9064075000001,395.45061000000004,1085.6106150000003
2024-01-27,231.14600375,329.7028075,318.41046000000006,879.2592712500001
2024-01-28,215.0732475,320.62453500000004,246.07950000000002,781.7772825000001
2024-01-29,311.28774374999995,435.37109000000004,439.41323000000006,1186.07206375
2024-01-30,322.46770875,477.16116250000005,461.40010000000007,1261.02897125
2024-01-31,339.2011275,485.74757000000005,488.17973000000006,1313.1284275
2024-02-01,324.92314625,430.6658675,440.25185000000005,1195.8408637500002
2024-02-02,276.22426624999997,394.9693275,357.52906,1028.72265375
2024-02-03,228.66999625,267.20001,253.51837,749.38837625
2024-02-04,200.41752625,231.4900775,217.07416,648.98176375
2024-02-05,259.78501124999997,296.510885,335.91332000000006,892.20921625
2024-02-06,266.4854125,291.063355,330.56403,888.1127974999999
2024-02-07,300.18345,502.11315,415.5126,1217.8092000000001
2024-02-08,381.18800375,602.799175,413.90281000000004,1397.8899887500002
2024-02-09,274.28443875,519.89014,324.00782000000004,1118.18239875
2024-02-10,257.7342375,504.00297750000004,257.06949000000003,1018.8067050000002
2024-02-11,236.37203749999998,409.7283575,227.48066,873.5810549999999
2024-02-12,290.3279125,550.0705100000001,412.47611,1252.8745325000002
2024-02-13,303.67531375,534.1369275000001,391.93637,1229.74861125
2024-02-14,309.39991499999996,543.2790275,360.35809,1213.0370325
2024-02-15,299.93743874999996,547.7467875000001,390.43047,1238.1146962500002
2024-02-16,257.54543125,444.96388750000006,368.18873,1070.69804875
2024-02-17,238.84866125,441.504635,324.56682,1004.92011625
2024-02-18,220.4934425,320.43627000000004,253.87427000000002,794.8039825000001
2024-02-19,271.18697499999996,423.49975250000006,363.31840000000005,1058.0051275
2024-02-20,284.0033175,466.71647,382.85064000000006,1133.5704275
2024-02-21,269.06658625,416.92466750000006,346.62166,1032.6129137500002
2024-02-22,236.85379625,385.52294000000006,315.53236,937.90909625
2024-02-23,240.09646125,369.3466975,301.89829000000003,911.3414487500002
2024-02-24,204.42340625,381.32154500000007,275.38699,861.1319412500002
2024-02-25,187.60401,390.34297499999997,255.17078000000004,833.117765
2024-02-26,243.60880999999998,544.4547350000001,394.73647000000005,1182.8000150000003
2024-02-27,297.110785,619.1186925000001,489.21552999999994,1405.4450075
2024-02-28,297.98433,623.2940725000001,502.50696,1423.7853625
2024-02-29,274.37521875,502.0218775000001,360.68831,1137.08540625
2024-03-01,270.9831875,476.2973325000001,358.80168000000003,1106.0822
2024-03-02,215.53636999999998,400.6778325,248.49117,864.7053725000001
2024-03-03,213.308095,391.95252250000004,228.81162,834.0722375
2024-03-04,278.01967874999997,635.5546725,431.87411000000003,1345.44846125
2024-03-05,309.17770375,705.1701800000001,481.08212,1495.43000375
2024-03-06,318.487775,699.0415025,484.97725,1502.5065275000002
2024-03-07,290.06116125,630.7753375000001,399.42150000000004,1320.2579987500003
2024-03-08,250.12977624999996,430.1932525,319.07669000000004,999.3997187500001
2024-03-09,200.34453250000004,262.42884250000003,232.43071,695.2040850000001
2024-03-10,195.7363,244.12797750000001,210.91422000000003,650.7784975000001
2024-03-11,270.29328499999997,466.8957425000001,376.93919000000005,1114.1282175000001
2024-03-12,309.20273625,644.4004875,467.90299,1421.5062137500001
2024-03-13,291.13554,610.6716550000001,427.62219,1329.4293850000001
2024-03-14,262.58807750000005,485.450955,370.35761,1118.3966425
2024-03-15,222.49332249999998,345.33367000000004,303.32542000000007,871.1524125000001
2024-03-16,208.03495,273.3640525,247.21529999999998,728.6143025
2024-03-17,191.74266000000003,328.20227000000006,233.46099,753.4059200000002
2024-03-18,279.1332425,551.322255,394.291,1224.7464975
2024-03-19,285.98706875,569.3087125,397.77790000000005,1253.07368125
2024-03-20,324.48084875,583.9078025,411.75944000000004,1320.14809125
2024-03-21,274.84242125000003,570.2577375,358.17792000000003,1203.27807875
2024-03-22,238.08181249999998,414.79955000000007,323.76377,976.6451325
2024-03-23,196.70772249999996,284.69218250000006,195.32134000000002,676.721245
2024-03-24,176.4398975,252.85782500000005,167.77291000000002,597.0706325000001
2024-03-25,261.31709374999997,483.78561,328.32379000000003,1073.4264937500002
2024-03-26,240.31724875,423.77098500000005,331.10068,995.1889137500001
2024-03-27,234.05262125,334.3306175,301.20838,869.59161875
2024-03-28,184.91726625,283.49703250000005,231.46043,699.87472875
2024-03-29,174.92014,224.945215,223.60044,623.4657950000001
2024-03-30,175.3559775,257.6763475,211.7337,644.766025
2024-03-31,152.01274625,198.17132500000002,178.65672,528.8407912499999
2024-04-01,149.93164875,204.25735000000003,146.36215,500.55114875000004
2024-04-02,174.57497625,213.73475750000003,168.19795000000002,556.5076837500001
2024-04-03,201.52435375000002,379.05417,277.26568000000003,857.8442037500001
2024-04-04,186.74213125,338.105515,228.00122000000002,752.84886625
2024-04-05,177.54938125000004,276.5930475,208.07525,662.21767875
2024-04-06,156.12676749999997,223.9863175,166.41676,546.529845
2024-04-07,143.423645,223.5915,153.33296,520.348105
2024-04-08,199.280035,383.5594125,245.86487,828.7043175
2024-04-09,177.58019374999998,305.91332750000004,198.31557,681.80909125
2024-04-10,205.07661000000002,326.55843000000004,239.26813000000004,770.9031700000002
2024-04-11,190.37046249999997,296.87229,231.67714999999998,718.9199025
2024-04-12,167.86059250000002,298.9530500000001,202.53852,669.3521625000001
2024-04-13,139.53504375,194.188005,149.42842000000002,483.15146875
2024-04-14,122.12236874999999,190.68082000000004,158.10819000000004,470.91137875000004
2024-04-15,188.78026124999997,314.01449750000006,196.92566,699.72041875
2024-04-16,186.0834875,332.0454225,192.26915000000002,710.39806
2024-04-17,260.24311875,494.46254000000005,264.84861,1019.5542687500001
2024-04-18,256.5883525,495.5476625,289.04997000000003,1041.185985
2024-04-19,218.41481,327.8738650000001,196.81774000000001,743.106415
2024-04-20,174.65204999999997,300.425125,159.93317000000002,635.0103449999999
2024-04-21,183.78340875,284.686985,165.43422,633.90461375
2024-04-22,253.46972375,491.40305500000005,325.75169000000005,1070.6244687500002
2024-04-23,259.235465,493.09513,356.82247000000007,1109.153065
2024-04-24,252.38376374999999,494.0736075,332.12601,1078.58338125
2024-04-25,266.5344575,515.7765525,328.00639,1110.3174
2024-04-26,246.77803499999996,477.9640250000001,329.84649,1054.58855
2024-04-27,177.44228124999998,328.276135,228.70218,734.42059625
2024-04-28,137.4070475,218.00204250000002,165.95278000000002,521.36187
2024-04-29,180.50653125,311.25677,254.15863000000002,745.9219312500001
2024-04-30,168.13750125,302.72522499999997,223.34222,694.2049462499999
2024-05-01,125.34352874999999,209.9125875,154.66916000000003,489.92527625
2024-05-02,138.45341875,208.24416250000004,181.59298,528.2905612500001
2024-05-03,141.23376875,277.00879249999997,184.95143,603.19399125
2024-05-04,146.35427499999997,287.95907250000005,171.96754,606.2808875000001
2024-05-05,132.49982749999998,272.16805,158.27187,562.9397475
2024-05-06,183.12349,435.7681625,264.65895,883.5506025
2024-05-07,184.69548,454.69468000000006,288.70776,928.09792
2024-05-08,170.1261825,474.1603350000001,279.33314,923.6196575000001
2024-05-09,160.30124500000002,375.7251025,195.32895000000002,731.3552975
2024-05-10,181.98708249999999,339.33897250000007,194.30263000000002,715.628685
2024-05-11,141.70998125000003,295.50306500000005,151.08665000000002,588.2996962500001
2024-05-12,128.13939125000002,216.67618500000003,132.17671,476.99228625000006
2024-05-13,177.22438375,244.49227000000002,208.17461,629.89126375
2024-05-14,175.70509374999997,241.63301250000004,223.37275999999997,640.71086625
2024-05-15,171.90720875,262.1831025,259.20941000000005,693.2997212500001
2024-05-16,171.43309999999997,258.314705,243.02662,672.774425
2024-05-17,168.43712625,270.85041500000005,242.49633,681.7838712500001
2024-05-18,156.65697624999996,262.74825500000003,190.97335,610.37858125
2024-05-19,144.326515,265.0434875,168.31608000000003,577.6860825000001
2024-05-20,176.12803249999996,304.114195,212.37454000000002,692.6167674999999
2024-05-21,176.27229875,343.11752750000005,217.84729000000004,737.2371162500001
2024-05-22,179.78766499999998,386.770175,203.04082000000002,769.59866
2024-05-23,210.84747249999998,462.50847500000003,231.21657000000002,904.5725175
2024-05-24,198.26009874999997,479.0715600000001,274.74869,952.0803487500001
2024-05-25,148.35064874999998,370.1709,202.1956,720.71714875
2024-05-26,139.18688375,324.8510375,148.85286,612.89078125
2024-05-27,172.4028225,443.70007000000004,226.28561000000002,842.3885025000001
2024-05-28,186.33513,468.16767250000004,244.25364000000002,898.7564425
2024-05-29,187.9493225,412.85117500000007,248.5135,849.3139975000001
2024-05-30,147.8268575,444.48445250000003,250.07122,842.3825300000001
2024-05-31,141.22841375000002,459.4070525000001,208.4881,809.1235662500001
2024-06-01,127.6816025,270.089325,141.55862,539.3295475
2024-06-02,115.89728749999999,255.86396000000005,144.73006,516.4913075000001
2024-06-03,189.54347625000003,470.35015500000003,279.31999,939.21362125
2024-06-04,217.50044375000002,479.2905425000001,297.10498,993.8959662500001
2024-06-05,175.80450124999996,425.59979000000004,283.57802,884.9823112500001
2024-06-06,186.4803525,479.3212050000001,291.44059000000004,957.2421475000001
2024-06-07,184.75767875,434.36428750000005,280.35629,899.47825625
2024-06-08,121.79741375,281.27231,201.97178,605.04150375
2024-06-09,132.38760625,231.614405,167.21659,531.21860125
2024-06-10,186.08353,411.7949275000001,219.25014000000002,817.1285975000001
2024-06-11,175.16415375,353.5774275,239.60623,768.34781125
2024-06-12,180.8627025,415.85901500000006,261.45891,858.1806275000001
2024-06-13,210.90125625000002,476.1944275,255.13202,942.22770375
2024-06-14,172.17500124999998,407.17003250000005,209.6343,788.97933375
2024-06-15,116.70789,224.38691000000003,158.07177000000001,499.16657000000004
2024-06-16,129.4037025,235.2915125,136.90205,501.597265
2024-06-17,168.50763375,438.55350000000004,248.27564000000004,855.3367737500001
2024-06-18,182.85988375,511.86734500000006,317.94520000000006,1012.6724287500001
2024-06-19,180.5629075,500.5668800000001,306.51541000000003,987.6451975
2024-06-20,169.68870875000002,497.3061775000001,346.85606,1013.8509462500001
2024-06-21,195.51846625,525.35395,358.68244000000004,1079.55485625
2024-06-22,123.06378625000002,257.709155,189.65553,570.42847125
2024-06-23,120.51610249999999,262.3423275,182.26598,565.12441
2024-06-24,161.50796875,411.15283,276.15637,848.8171687500001
2024-06-25,172.02472124999997,446.5450825,297.26747,915.8372737499999
2024-06-26,174.21232375,474.53186000000005,319.24634000000003,967.9905237500001
2024-06-27,179.72461625,455.52540000000005,301.84194,937.0919562500001
2024-06-28,152.64616625000002,386.82484500000004,258.88795999999996,798.35897125
2024-06-29,124.4196,296.2050025,229.51530000000002,650.1399025000001
2024-06-30,128.93086875,257.8855125,195.39589,582.21227125
2024-07-01,160.607585,450.979265,290.6729,902.25975
2024-07-02,158.0065425,478.28451000000007,256.04086,892.3319125
2024-07-03,149.51591374999998,495.76980750000007,287.64649000000003,932.9322112500001
2024-07-04,137.96993875,300.220525,233.33916,671.52962375
2024-07-05,127.80787,282.10803500000003,237.36144000000002,647.277345
2024-07-06,108.18521625000001,226.2602925,176.65218000000002,511.09768875
2024-07-07,106.033165,246.49165750000003,183.17849,535.7033125
2024-07-08,144.89828875,430.49077500000004,293.78317000000004,869.1722337500001
2024-07-09,141.1931175,448.60917750000004,325.37555000000003,915.1778450000002
2024-07-10,171.12693000000002,466.96837000000005,357.44588,995.54118
2024-07-11,176.51212624999997,518.96097,410.69695,1106.1700462499998
2024-07-12,155.11900749999998,482.46715000000006,380.36731000000003,1017.9534675
2024-07-13,118.7239625,267.873485,236.71520999999998,623.3126575
2024-07-14,107.82853499999999,264.9317825,224.92143000000002,597.6817475
2024-07-15,134.40612249999998,393.91605000000004,342.14425,870.4664225000001
2024-07-16,154.18810875,381.94475,352.82102000000003,888.9538787500001
2024-07-17,141.850805,405.11990750000007,397.0808,944.0515125000002
2024-07-18,156.64834875,468.941935,431.57083000000006,1057.1611137500001
2024-07-19,147.6087475,461.22329,434.13887000000005,1042.9709075
2024-07-20,115.60410125,353.41094250000003,275.82712000000004,744.84216375
2024-07-21,116.22919124999999,312.610595,245.23396000000002,674.07374625
2024-07-22,141.19250125,415.187025,335.54695000000004,891.9264762500001
2024-07-23,151.54397125,450.0364825000001,354.60233000000005,956.1827837500001
2024-07-24,153.74270875,467.6853500000001,364.98076000000003,986.4088187500001
2024-07-25,160.67615875,454.60434250000003,350.07635000000005,965.3568512500001
2024-07-26,149.5864425,456.09962750000005,352.40625,958.0923200000001
2024-07-27,135.1814925,400.2665425,308.95096,844.398995
2024-07-28,113.88072625000001,280.375755,230.29636000000002,624.55284125
2024-07-29,127.23063499999999,319.4175325,368.64003,815.2881975
2024-07-30,158.6280625,406.57724250000007,380.19693000000007,945.4022350000001
2024-07-31,173.290775,446.12249,422.68000000000006,1042.093265
2024-08-01,199.96228749999997,497.51234500000004,436.67995,1134.1545825
2024-08-02,192.176755,511.696405,364.89779,1068.77095
2024-08-03,122.88987625,349.39539250000007,283.50553,755.79079875
2024-08-04,112.63248,298.87032999999997,253.63089000000002,665.1337
2024-08-05,164.9507875,408.4343725,354.24064,927.6258
2024-08-06,187.24426875,438.3177150000001,366.64305,992.2050337500001
2024-08-07,194.2727275,451.12573000000003,356.50302,1001.9014775
2024-08-08,184.48852624999998,461.5793875,344.99521000000004,991.06312375
2024-08-09,140.41366749999997,307.1080925,303.46506,750.98682
2024-08-10,109.13736499999999,271.0159375,251.95141,632.1047125
2024-08-11,103.81967999999999,267.30011,248.15422,619.2740100000001
2024-08-12,155.1212175,369.6828025,320.75365,845.55767
2024-08-13,182.18770375,415.288225,351.28344,948.75936875
2024-08-14,204.05507999999998,443.99924250000004,357.21654,1005.2708625
2024-08-15,183.1944225,392.27936,282.23517000000004,857.7089525
2024-08-16,182.21165249999999,422.0723100000001,324.31036,928.5943225000001
2024-08-17,172.8908075,433.5212475000001,294.49922,900.9112749999999
2024-08-18,157.12536875,414.65072000000004,242.16153,813.9376187500001
2024-08-19,208.70908500000002,472.47186250000004,297.41058,978.5915275
2024-08-20,183.84524625000003,440.13332,284.25976,908.2383262500001
2024-08-21,158.20833249999998,359.40278000000006,266.98107,784.5921825
2024-08-22,152.36447625,341.218295,284.09397,777.6767412500001
2024-08-23,142.99860249999998,275.5207125,304.95494,723.4742550000001
2024-08-24,111.98900874999998,259.81565500000005,257.25516,629.0598237500001
2024-08-25,114.25258000000001,226.36655250000004,221.85732,562.4764525
2024-08-26,179.88526624999997,383.78428,345.23999000000003,908.90953625
2024-08-27,211.63367999999997,413.80823,425.86964,1051.31155
2024-08-28,218.64122875,418.69739999999996,427.9079000000001,1065.2465287500002
2024-08-29,238.58125125,447.4325625,460.39835999999997,1146.41217375
2024-08-30,246.62233625000002,498.24590750000004,457.33240000000006,1202.2006437500002
2024-08-31,166.92348875,370.8221275000001,294.39348,832.13909625
2024-09-01,147.12837,299.2875875,279.67429000000004,726.0902475
2024-09-02,248.8771525,468.61608750000005,443.52693,1161.02017
2024-09-03,270.2597525,505.62289250000003,492.7165,1268.5991450000001
2024-09-04,284.12082999999996,504.41726500000004,501.74235,1290.2804449999999
2024-09-05,208.66985749999998,414.0700575,398.12806,1020.867975
2024-09-06,213.44129,424.25999,376.11995,1013.82123
2024-09-07,165.96832249999997,393.99472750000007,302.86046,862.82351
2024-09-08,150.92468250000002,362.954625,250.44339000000002,764.3226975000001
2024-09-09,216.41867,477.36944750000004,319.95935000000003,1013.7474675000001
2024-09-10,177.6881225,397.83128000000005,263.10766,838.6270625000001
2024-09-11,212.1255325,410.27943,304.90044,927.3054025
2024-09-12,258.837835,473.479325,346.73058,1079.04774
2024-09-13,210.06804375,417.6371650000001,257.23929,884.9444987500001
2024-09-14,137.1028325,246.2970675,192.43638,575.83628
2024-09-15,152.8446625,281.02049250000005,185.72983,619.5949850000001
2024-09-16,235.4878675,428.9719775000001,318.98628,983.4461250000002
2024-09-17,235.60848249999998,426.19634750000006,330.8776700000001,992.6825000000001
2024-09-18,216.75673625,422.30944250000005,350.85358,989.91975875
2024-09-19,192.59435999999997,400.74317250000007,355.3057,948.6432325000001
2024-09-20,173.64707374999998,347.0517325,335.32586000000003,856.02466625
2024-09-21,150.5426925,341.3593425,257.17682,749.078855
2024-09-22,173.8473125,357.627655,242.56069,774.0356575000001
2024-09-23,271.6447,480.4581375,384.16083000000003,1136.2636675
2024-09-24,246.70140750000002,488.24349750000005,326.69893,1061.643835
2024-09-25,216.4764275,435.95299000000006,297.32983,949.7592475
2024-09-26,177.12642125,345.10327500000005,254.52103000000002,776.7507262500001
2024-09-27,145.106135,212.5438425,223.43897000000004,581.0889475
2024-09-28,126.80044999999998,231.59540250000003,184.44869,542.8445425
2024-09-29,126.2510525,272.17993,152.95675000000003,551.3877325000001
2024-09-30,177.59290125,300.37144500000005,240.69411000000002,718.6584562500001
2024-10-01,221.26834499999998,402.39573,320.80279,944.4668650000001
2024-10-02,301.28940625,525.8006875,353.89482999999996,1180.98492375
2024-10-03,230.95998125,507.2468225,315.91316,1054.1199637500001
2024-10-04,264.2253475,539.4139575,329.52571,1133.165015
2024-10-05,218.2239,500.81883500000004,242.55151,961.594245
2024-10-06,166.1170725,375.82985,187.59032000000002,729.5372425
2024-10-07,237.32142375,455.4172975,300.84844,993.58716125
2024-10-08,239.54523625,480.19947250000007,277.10703,996.8517387500001
2024-10-09,218.02697625000002,458.52754749999997,249.88559,926.44011375
2024-10-10,207.59331125,336.83427250000005,253.27943000000002,797.7070137500001
2024-10-11,223.87578375,457.37389500000006,283.97337,965.2230487500001
2024-10-12,170.92180374999998,303.69878,186.08826000000002,660.70884375
2024-10-13,176.35963625,236.44566000000003,181.60672,594.4120162500001
2024-10-14,290.66226,449.61163500000004,386.00866,1126.282555
2024-10-15,277.61456875,520.8822575,331.23432,1129.7311462500002
2024-10-16,216.33296875000002,326.4347075,289.24962999999997,832.01730625
2024-10-17,223.53170375,400.3229175,307.68251000000004,931.5371312500001
2024-10-18,275.7461625,538.67858,327.81237000000004,1142.2371125000002
2024-10-19,188.22610375,447.0218775000001,206.12094000000002,841.3689212500001
2024-10-20,141.5436575,261.60249500000003,186.07510000000002,589.2212525
2024-10-21,258.87625499999996,444.2427,325.64647,1028.765425
2024-10-22,285.0896175,520.417975,360.11939,1165.6269825
2024-10-23,328.1387175,552.7129025,411.67407000000003,1292.52569
2024-10-24,323.1668125,563.4868525,353.15851000000004,1239.812175
2024-10-25,322.83833,551.2985500000001,371.77735000000007,1245.91423
2024-10-26,290.948795,528.5212075000001,249.80683,1069.2768325000002
2024-10-27,215.86379,438.36410750000005,229.06851000000003,883.2964075000001
2024-10-28,286.7841775,514.531545,318.0794900000001,1119.3952125
2024-10-29,349.62030000000004,565.66323,428.78805000000006,1344.07158
2024-10-30,347.242595,562.7476250000001,431.42282000000006,1341.4130400000001
2024-10-31,313.20253875,515.45241,364.90382,1193.55876875
2024-11-01,190.84903375,386.91996750000004,289.52379,867.2927912499999
2024-11-02,221.54212999999996,479.230455,305.84791,1006.6204949999999
2024-11-03,229.88394499999995,477.44631000000004,275.64891000000006,982.979165
2024-11-04,358.50783625,540.5935975,526.10676,1425.2081937500002
2024-11-05,379.1228225,556.6529375,611.53466,1547.31042
2024-11-06,401.37541875,589.023985,672.9444400000001,1663.3438437500001
2024-11-07,396.3638825,615.3986575000001,656.7459200000001,1668.5084600000002
2024-11-08,381.20249625,613.4427750000001,620.8121100000001,1615.4573812500003
2024-11-09,350.99574874999996,564.9818900000001,483.73148000000003,1399.70911875
2024-11-10,324.40851375,532.64376,446.91733999999997,1303.96961375
2024-11-11,362.5728975,572.84942,518.82507,1454.2473875
2024-11-12,416.894825,609.1078400000001,613.72838,1639.7310450000002
2024-11-13,430.4272075,641.484965,676.21749,1748.1296625
2024-11-14,394.48587125,607.3517725,645.35591,1647.19355375
2024-11-15,399.56054125,609.5842500000001,608.74418,1617.8889712500002
2024-11-16,269.97523624999997,474.97268500000007,380.91417,1125.86209125
2024-11-17,235.05800124999996,347.8064150000001,326.46604,909.33045625
2024-11-18,344.95148375,491.775295,566.56273,1403.28950875
2024-11-19,362.23674374999996,590.4727125000001,556.50945,1509.2189062500001
2024-11-20,340.1921425,579.29597,442.80316000000005,1362.2912725
2024-11-21,345.033445,574.215675,552.92569,1472.17481
2024-11-22,357.85244375,529.8700825,473.93332000000004,1361.65584625
2024-11-23,233.06564375000002,348.51839,317.96254,899.54657375
2024-11-24,184.24810374999998,259.03306000000003,274.05789,717.33905375
2024-11-25,244.60968499999998,377.1421225,452.25761000000006,1074.0094175000002
2024-11-26,374.57882874999996,524.9536325,589.32899,1488.8614512499998
2024-11-27,380.53159125,528.009405,564.15441,1472.69540625
2024-11-28,352.3128875,498.7068900000001,586.80562,1437.8253975000002
2024-11-29,411.8366875,563.5623950000002,594.2717200000001,1569.6708025000003
2024-11-30,311.2724225,518.5119225000001,378.54896,1208.333305
2024-12-01,263.52645624999997,500.8188625000001,321.16564,1085.51095875
2024-12-02,342.1315025,520.682525,582.96252,1445.7765475
2024-12-03,418.0455975,568.3269625,713.81622,1700.18878
2024-12-04,447.7345462499999,594.17809,755.4007,1797.3133362499998
2024-12-05,385.2270975,552.9077675,537.9520900000001,1476.0869550000002
2024-12-06,307.7325975,490.41841750000003,483.95248000000004,1282.103495
2024-12-07,235.624505,445.4256675000001,327.12311,1008.1732825000001
2024-12-08,230.854475,474.7511175,278.09191000000004,983.6975025000002
2024-12-09,320.0132275,498.6325575,465.24396,1283.889745
2024-12-10,417.00757749999997,561.1189925000001,699.01111,1677.1376800000003
2024-12-11,466.46008874999995,599.4924100000001,872.72948,1938.6819787499999
2024-12-12,461.7013212499999,598.7785650000001,893.1120300000001,1953.59191625
2024-12-13,444.73734,565.6535225,862.5243800000001,1872.9152425000002
2024-12-14,346.486265,507.7578275000001,480.90048,1335.1445725
2024-12-15,248.41726,290.0281175,309.85798,848.3033575
2024-12-16,301.36535375,362.008845,434.42764,1097.8018387500001
2024-12-17,325.00504374999997,504.90266750000006,555.2951200000001,1385.2028312500001
2024-12-18,239.04968624999998,375.3158475000001,465.31637,1079.68190375
2024-12-19,240.52333125,315.76622000000003,387.40186,943.6914112500001
2024-12-20,258.34270999999995,341.92413750000003,346.02654000000007,946.2933875000001
2024-12-21,188.51620874999998,248.04406000000003,249.65935000000002,686.21961875
2024-12-22,179.174135,276.23733500000003,230.37196,685.78343
2024-12-23,236.69338000000002,394.25856250000004,281.19815,912.1500925
2024-12-24,278.13889125000003,495.94858500000004,311.95592000000005,1086.0433962500001
2024-12-25,246.6631575,471.12573750000007,260.49845999999997,978.2873550000002
2024-12-26,302.24170375,514.4970875,355.76405,1172.50284125
2024-12-27,335.145735,547.5965550000001,499.70902,1382.4513100000001
2024-12-28,342.2308675,562.7483950000001,497.07009,1402.0493525
2024-12-29,296.6728225,482.49797750000005,424.10024000000004,1203.27104
2024-12-30,288.25274375,433.9455725,468.35582999999997,1190.55414625
2024-12-31,207.26752749999997,380.7479775000001,435.14639,1023.1618950000001
2025-01-01,175.24622125,242.50501000000003,308.27482000000003,726.0260512500001
2025-01-02,261.79173375,444.392905,444.65990999999997,1150.8445487499998
2025-01-03,269.74463125,464.09327250000007,367.72409000000005,1101.56199375
2025-01-04,301.48477875,563.9778375000001,422.26577,1287.72838625
2025-01-05,199.05841875,435.5398575,305.8169,940.4151762500001
2025-01-06,170.30780625,273.07835500000004,267.89886,711.28502125
2025-01-07,245.08485625,393.7348525,358.68298000000004,997.5026887500001
2025-01-08,358.035555,514.918635,433.9833,1306.9374899999998
2025-01-09,385.86759374999997,572.38511,474.68417,1432.93687375
2025-01-10,361.9067524999999,536.4319675,463.18652000000003,1361.52524
2025-01-11,331.72015,455.13880500000005,399.3573,1186.216255
2025-01-12,336.04182625,500.9350775000001,363.09654,1200.07344375
2025-01-13,404.26614125000003,581.2659600000001,593.36319,1578.8952912500001
2025-01-14,404.35526374999995,572.3670975,641.86676,1618.58912125
2025-01-15,446.04663750000003,641.9596425000001,779.8335500000001,1867.8398300000001
2025-01-16,404.072235,609.1195,759.6897,1772.881435
2025-01-17,407.92870625,592.2231700000001,733.6476000000001,1733.7994762500002
2025-01-18,382.2319525,540.6671050000001,624.4796200000001,1547.3786775
2025-01-19,385.85407875000004,542.8176325000001,562.8402199999999,1491.51193125
2025-01-20,434.35601375,585.6942300000001,828.7618100000002,1848.8120537500004
2025-01-21,446.37535375,639.0918875,822.1016900000001,1907.5689312499999
2025-01-22,449.3397925,627.2800325000001,723.67004,1800.289865
2025-01-23,369.62645249999997,551.6517050000001,505.09214999999995,1426.3703075
2025-01-24,278.85531375,399.34895,417.68625000000003,1095.89051375
2025-01-25,260.68945375,425.69804750000003,321.86063,1008.24813125
2025-01-26,258.32345749999996,475.48844750000006,272.30947000000003,1006.1213750000001
2025-01-27,231.94483375000002,376.162435,344.40941,952.51667875
2025-01-28,287.5231675,515.5215450000001,347.96470000000005,1151.0094125
2025-01-29,285.64524124999997,491.20896000000005,386.26606000000004,1163.12026125
2025-01-30,366.48784874999996,557.7826100000001,496.93392000000006,1421.2043787500002
2025-01-31,390.06323625,587.8512475,554.2083700000001,1532.12285375
2025-02-01,383.6555325,600.8470875,445.31575000000004,1429.81837
2025-02-02,381.01175624999996,609.7655850000001,407.25757,1398.03491125
2025-02-03,410.82278625,628.53934,656.3845900000001,1695.7467162500002
2025-02-04,416.76537,608.3903925000001,632.9951100000001,1658.1508725
2025-02-05,428.28559,591.2741725000001,621.61505,1641.1748125
2025-02-06,456.71333,606.15533,668.4491,1731.3177600000001
2025-02-07,386.9514925,553.6320350000001,454.93118000000004,1395.5147075
2025-02-08,346.62396499999994,457.27286,386.27991,1190.176735
2025-02-09,393.59657999999996,491.67420500000003,375.03049000000004,1260.301275
2025-02-10,409.168155,528.2097975,516.64679,1454.0247425
2025-02-11,434.32656125,507.73272000000003,595.7086400000001,1537.7679212500002
2025-02-12,461.75684749999994,559.5752525,668.59226,1689.92436
2025-02-13,473.15247875,577.470795,705.4035100000001,1756.02678375
2025-02-14,449.6118775,565.6343,705.1842200000001,1720.4303975000003
2025-02-15,416.14659125,554.0804775,505.95737,1476.18443875
2025-02-16,388.07997374999997,520.2593275,424.03513000000004,1332.37443125
2025-02-17,425.3141387499999,590.5556250000001,650.30223,1666.17199375
2025-02-18,422.68766,615.2038200000001,602.5302,1640.42168
2025-02-19,409.27313,572.7787725000001,539.66899,1521.7208925
2025-02-20,384.11285375,544.5382800000001,476.68245,1405.3335837500001
2025-02-21,289.4719625,494.708445,397.59428,1181.7746875
2025-02-22,218.68663999999998,378.9276425,330.15217,927.7664525
2025-02-23,224.47282374999998,437.441895,313.03535,974.95006875
2025-02-24,290.35407125,499.71171250000003,434.98957,1225.05535375
2025-02-25,369.828285,619.3753775000001,565.3741,1554.5777625
2025-02-26,390.75067375000003,630.5687025000001,585.5201900000001,1606.8395662500002
2025-02-27,383.078,628.3049025,590.11441,1601.4973125000001
2025-02-28,380.82564874999997,633.5792650000001,584.05487,1598.45978375
2025-03-01,337.31023875,573.7005725000001,404.12856000000005,1315.1393712500003
2025-03-02,275.83245875,474.2360975000001,291.63126000000005,1041.6998162500001
2025-03-03,295.72384,501.24877000000004,419.81602000000004,1216.78863
2025-03-04,287.73262875,495.25115750000003,438.07859,1221.0623762500002
2025-03-05,254.99840624999996,420.2191675,394.79586000000006,1070.0134337499999
2025-03-06,274.91101625,458.0827075,375.39740000000006,1108.3911237500001
2025-03-07,284.32820875,498.3706200000001,395.04828000000003,1177.74710875
2025-03-08,215.69079374999998,420.94772500000005,306.23703,942.87554875
2025-03-09,206.7353,385.32197,280.15285,872.21012
2025-03-10,295.87188875,475.07152,443.97555000000006,1214.91895875
2025-03-11,341.46665375,544.9993450000001,518.59922,1405.06521875
2025-03-12,342.32829875000004,580.0372325000001,571.47231,1493.83784125
2025-03-13,340.79466499999995,594.2113375,541.0000100000001,1476.0060125
2025-03-14,341.46918249999993,591.7057025,512.68854,1445.863425
2025-03-15,240.22646874999998,473.2719200000001,279.53899,993.03737875
2025-03-16,218.67386875,424.797615,247.25772000000003,890.7292037500001
2025-03-17,269.50242375,488.0850425,379.29006000000004,1136.87752625
2025-03-18,300.17590624999997,479.26983500000006,375.07503,1154.52077125
2025-03-19,302.59294500000004,509.1111850000001,406.02680000000004,1217.7309300000002
2025-03-20,301.60860249999996,523.93484,405.77581000000004,1231.3192525
2025-03-21,227.35710749999998,403.461905,337.55329,968.3723024999999
2025-03-22,147.0166375,222.32141250000006,239.08203,608.4200800000001
2025-03-23,166.64545375,275.31339,242.26498000000004,684.2238237500001
2025-03-24,315.58347375,555.2440025000001,465.14546,1335.97293625
2025-03-25,292.53396,550.7707150000001,438.35786,1281.6625350000002
2025-03-26,314.1110825,584.9447725,438.37870000000004,1337.434555
2025-03-27,285.96076124999996,574.4681525000001,381.65601,1242.08492375
2025-03-28,234.86428625,508.93254500000006,314.08071,1057.8775412500001
2025-03-29,194.03772375,395.34866250000005,255.43187000000003,844.81825625
2025-03-30,151.32377875,261.8334125,168.91244,582.0696312499999
2025-03-31,245.8750375,469.36747,308.42814000000004,1023.6706475000001
2025-04-01,240.97332125000003,476.11063500000006,306.08228,1023.1662362500001
2025-04-02,177.54731999999998,371.7134025000001,251.75655000000003,801.0172725000001
2025-04-03,191.80182,405.54208750000004,275.70868,873.0525875000001
2025-04-04,209.87617749999998,444.60652500000003,292.23539999999997,946.7181025
2025-04-05,133.75342875,265.30559000000005,200.7733,599.83231875
2025-04-06,161.52632874999998,229.72782250000003,180.12707,571.38122125
2025-04-07,278.57028749999995,425.93138500000003,312.36705000000006,1016.8687225000001
2025-04-08,303.526075,442.9363675,354.64309000000003,1101.1055325
2025-04-09,285.78991125,444.8285875000001,340.50089,1071.11938875
2025-04-10,284.41643875,395.91172500000005,311.15629,991.4844537500001
2025-04-11,242.61496874999997,345.36499249999997,279.97753000000006,867.95749125
2025-04-12,170.803845,301.14716500000003,247.87418,719.82519
2025-04-13,152.63501,233.21025750000004,198.39773000000002,584.2429975
2025-04-14,256.61599875,444.24597250000005,318.36168,1019.2236512500001
2025-04-15,230.543885,386.95802750000007,260.78656,878.2884725000001
2025-04-16,250.7980675,415.842955,283.0305,949.6715225
2025-04-17,249.74887,420.4633675,276.32566,946.5378975000001
2025-04-18,232.27916000000002,419.1049225,231.63179000000002,883.0158725
2025-04-19,145.95707,298.5786375,190.15121000000002,634.6869175
2025-04-20,126.61546874999999,235.13325000000003,188.74732,550.49603875
2025-04-21,160.30628124999998,294.4600725,226.08899000000002,680.85534375
2025-04-22,247.95449874999997,404.17289,300.12122,952.2486087499999
2025-04-23,260.154995,438.4985275,342.31943,1040.9729525
2025-04-24,249.45440875,455.25919999999996,298.25888000000003,1002.9724887499999
2025-04-25,231.24260624999997,415.70971750000007,258.56436,905.5166837500001
2025-04-26,147.0024425,261.16992000000005,175.85011,584.0224725
2025-04-27,130.46732874999998,234.83768,169.31216,534.61716875
2025-04-28,167.6729125,383.11399500000005,246.59942,797.3863275000001
2025-04-29,167.05842625000002,396.18557000000004,310.28353000000004,873.52752625
2025-04-30,154.17684624999998,390.08543750000007,262.06963,806.33191375
2025-05-01,112.73396999999999,268.7651725,196.88514,578.3842825
2025-05-02,104.12893125000001,196.82344,203.69284000000002,504.64521125
2025-05-03,102.48201375,197.5342875,187.06298,487.07928125
2025-05-04,97.92805374999999,185.70722500000002,151.10246,434.73773875
2025-05-05,138.75833500000002,336.15483000000006,234.27848,709.1916450000001
2025-05-06,143.71763875,345.12368,266.75202,755.5933387499999
2025-05-07,149.76883124999998,391.2514100000001,285.49922,826.51946125
2025-05-08,151.66658375,388.49239000000006,289.1693,829.3282737500001
2025-05-09,149.01424375,366.3336875,282.16937,797.51730125
2025-05-10,114.03347125,282.3194275000001,202.1483,598.5011987500001
2025-05-11,99.4656825,202.76564000000002,175.03446,477.2657825
2025-05-12,133.1960625,270.0198325,245.04526,648.261155
2025-05-13,138.70251125000001,349.374135,285.76112,773.8377662500001
2025-05-14,141.64720875,310.91843750000004,272.77721,725.3428562500001
2025-05-15,141.61665125,304.331335,230.07965000000002,676.02763625
2025-05-16,139.90755625,301.24357999999995,217.35637000000003,658.50750625
2025-05-17,124.22905125,241.62209500000003,184.31995,550.1710962500001
2025-05-18,126.594155,232.64103500000002,174.89608,534.13127
2025-05-19,168.74214874999998,370.261815,252.17016,791.17412375
2025-05-20,162.98905125,366.44421,303.86051,833.29377125
2025-05-21,150.43068375000001,340.17893250000003,257.27997,747.8895862500001
2025-05-22,144.05710750000003,331.98121000000003,239.29189000000002,715.3302075000001
2025-05-23,139.87162249999997,321.98886500000003,233.15277000000003,695.0132575
2025-05-24,115.89694749999998,220.38945500000003,159.73701,496.0234125
2025-05-25,105.29780875,185.8083425,144.1826,435.28875125
2025-05-26,121.91904874999999,291.99486250000007,214.84111,628.75502125
2025-05-27,132.72356875,292.174575,234.18779,659.0859337500001
2025-05-28,145.68804500000002,319.8185925,238.11488,703.6215175
2025-05-29,125.25279124999999,243.90866499999998,209.41153,578.57298625
2025-05-30,119.82989749999999,241.6336175,192.76878000000002,554.232295
2025-05-31,108.20168500000001,227.57262000000003,206.38063,542.154935
2025-06-01,102.3808,195.2562975,176.64182000000002,474.27891750000003
2025-06-02,131.1230825,329.613295,223.88408,684.6204575
2025-06-03,152.25006625,306.32247250000006,263.2575,721.8300387500001
2025-06-04,146.77309124999996,290.13963000000007,278.15161000000006,715.0643312500001
2025-06-05,150.50021375,293.40269750000004,287.26199,731.1649012500001
2025-06-06,128.8515,208.7380625,254.23214000000004,591.8217025
2025-06-07,105.70011374999999,234.86584000000002,211.04049,551.60644375
2025-06-08,88.8902375,157.15518500000002,162.68692000000001,408.7323425000001
2025-06-09,103.5965975,187.0991375,229.78767000000005,520.4834050000001
2025-06-10,124.03941624999999,224.8307875,277.36864,626.23884375
2025-06-11,146.33338625,248.28707750000004,325.3473,719.96776375
2025-06-12,153.72349875,239.32532250000003,304.24170000000004,697.2905212500001
2025-06-13,133.9649725,235.35707250000004,311.38648000000006,680.708525
2025-06-14,108.63040375,190.1605475,238.01680000000002,536.80775125
2025-06-15,116.10475125,213.63479500000003,215.56113000000002,545.30067625
2025-06-16,164.68329250000002,332.68972,307.76601000000005,805.1390225000001
2025-06-17,168.41058499999997,361.92433750000004,335.81302000000005,866.1479425
2025-06-18,173.87189874999999,354.22398000000004,347.8551,875.95097875
2025-06-19,148.50700625,246.8613675,350.69802000000004,746.0663937500001
2025-06-20,162.97883,228.87350750000002,342.07574,733.9280775
2025-06-21,145.88222750000003,221.23175250000003,258.93780000000004,626.0517800000001
2025-06-22,105.76239749999999,189.49161000000004,204.93952000000002,500.1935275000001
2025-06-23,133.23994374999998,195.18438500000002,289.61206,618.03638875
2025-06-24,147.97188875,230.41812750000003,312.38667000000004,690.77668625
2025-06-25,165.62734500000002,331.9698525,382.15643,879.7536275
2025-06-26,173.57376125000002,394.12084250000004,410.7995700000001,978.4941737500001
2025-06-27,154.14915749999997,383.4369275,387.17542000000003,924.761505
2025-06-28,101.60685375000001,210.6034425,249.66275000000002,561.87304625
2025-06-29,103.2305025,219.23808500000004,246.09720000000004,568.5657875
2025-06-30,163.353425,364.290025,454.30234,981.94579
2025-07-01,197.9344,421.35725500000007,538.1417500000001,1157.4334050000002
2025-07-02,187.56569625,423.5748825,508.17150000000004,1119.3120787500002
2025-07-03,177.0326025,365.869295,442.81362,985.7155175
2025-07-04,168.8693725,384.67162250000007,453.25756,1006.7985550000001
2025-07-05,113.99840874999998,256.6901425,299.20791,669.8964612499999
2025-07-06,116.88063124999998,281.8210175,267.14858,665.8502287499999
2025-07-07,180.9076675,438.58834250000007,342.71589,962.2119
2025-07-08,171.45112,423.41992,319.84659,914.71763
2025-07-09,162.67244749999998,435.33050000000003,332.82040000000006,930.8233475000001
2025-07-10,171.87227375,406.7156225,350.61879,929.20668625
2025-07-11,162.5012575,387.721455,342.68000000000006,892.9027125
2025-07-12,129.22348125,303.75202,272.83231,705.80781125
2025-07-13,129.5033225,298.529275,253.41354,681.4461375
2025-07-14,187.13695625,455.404565,335.05835,977.59987125
2025-07-15,179.12424,464.17635,341.71700000000004,985.0175900000002
2025-07-16,194.73217375,479.79030000000006,375.95956,1050.48203375
2025-07-17,216.58433499999998,490.7617275,421.21084,1128.5569025
2025-07-18,233.752295,482.22616750000003,416.36782999999997,1132.3462925
2025-07-19,154.17100250000001,335.2267325,294.80024,784.197975
2025-07-20,134.9495275,303.33641250000005,254.69740000000002,692.98334
2025-07-21,210.62844875000002,442.4716175000001,361.37597000000005,1014.4760362500001
2025-07-22,193.46607749999998,395.52686250000005,361.95305,950.9459900000002
2025-07-23,194.74505125000002,405.3363875,390.13228000000004,990.21371875
2025-07-24,228.85087624999997,494.71875750000004,422.95565,1146.52528375
2025-07-25,209.883445,473.55495,401.68178,1085.120175
2025-07-26,172.992425,395.6214625,277.08614,845.7000275
2025-07-27,130.67069125,340.293635,218.66762,689.63194625
2025-07-28,132.21968875,358.71456500000005,275.19332,766.12757375
2025-07-29,138.78098749999998,319.93601750000005,251.9073,710.624305
2025-07-30,122.79161624999999,349.17863750000004,283.39441000000005,755.3646637500001
2025-07-31,128.81998625,362.35982750000005,278.14889,769.32870375
2025-08-01,137.162545,365.9204725000001,274.2543,777.3373175000002
2025-08-02,98.3761525,268.68402000000003,203.47012,570.5302925000001
2025-08-03,86.97761,203.861295,167.37878,458.217685
2025-08-04,107.55583375,237.5702175,229.13912000000002,574.2651712500001
2025-08-05,106.43139,221.23200000000003,227.37209,555.03548
2025-08-06,136.05714125,223.71877,263.58522,623.36113125
2025-08-07,146.84850749999998,272.04892,285.27156,704.1689875
2025-08-08,158.34095375,308.63712000000004,282.80008000000004,749.77815375
2025-08-09,118.27257,274.31541500000003,262.26967,654.857655
2025-08-10,92.13294499999999,232.696805,239.37483000000003,564.2045800000001
2025-08-11,138.05914625,313.63518999999997,340.49186000000003,792.18619625
2025-08-12,191.67170625,360.102325,375.74511000000007,927.5191412500001
2025-08-13,216.65520375,374.71434000000005,401.79841000000005,993.1679537500002
2025-08-14,222.24142500000002,377.5199725000001,416.00727,1015.7686675000002
2025-08-15,166.28858125,289.41035750000003,322.34321,778.04214875
2025-08-16,117.01074499999999,246.460995,298.64242,662.11416
2025-08-17,127.33246499999998,253.13574000000003,294.24764999999996,674.7158549999999
2025-08-18,193.47961375,367.1260725,378.74999,939.35567625
2025-08-19,194.5431975,379.4848750000001,356.56558,930.5936525000002
2025-08-20,194.34807999999998,405.18334999999996,329.30647,928.8379
2025-08-21,202.79348875,388.19748000000004,297.73731000000004,888.7282787500001
2025-08-22,168.13204,313.148825,266.87604000000005,748.156905
2025-08-23,108.6318275,255.67973750000002,255.15022,619.461785
2025-08-24,112.18929,252.83896000000001,235.61402000000004,600.64227
2025-08-25,183.0774625,350.64262750000006,344.37082000000004,878.0909100000001
2025-08-26,218.38006625,399.23350500000004,393.81015,1011.4237212500001
2025-08-27,222.76394125000004,393.827555,423.06826,1039.65975625
2025-08-28,238.27261625000003,417.29721000000006,410.58853,1066.15835625
2025-08-29,201.1558575,392.3927425,321.11920000000003,914.6677999999999
2025-08-30,121.78468499999998,298.4893725,228.96078000000003,649.2348375
2025-08-31,96.07464999999999,265.700105,201.55599,563.330745
2025-09-01,158.74398125000002,373.53640500000006,320.5033000000001,852.7836862500002
2025-09-02,195.55289125000002,400.4990000000001,343.07185000000004,939.1237412500002
2025-09-03,180.02819374999999,320.29181250000005,272.17291,772.49291625
2025-09-04,187.27892749999998,317.32002500000004,313.79699,818.3959425
2025-09-05,222.85480625000002,407.53856,332.29086,962.6842262500002
2025-09-06,169.34569125000002,338.21810000000005,235.60462000000004,743.1684112500001
2025-09-07,106.655535,254.13044250000004,190.32749,551.1134675000001
2025-09-08,205.82137999999998,420.61129,348.83408000000003,975.26675
2025-09-09,250.72947249999999,477.38539750000007,429.27493000000004,1157.3898000000002
2025-09-10,227.39146874999997,483.52914499999997,387.97078,1098.89139375
2025-09-11,149.75472125,358.49123750000007,279.36784,787.6137987500001
2025-09-12,146.37558875,282.01544250000006,298.69643,727.0874612500002
2025-09-13,122.931165,242.91822500000004,246.26911,612.1185
2025-09-14,122.39101124999998,258.60584750000004,217.2563,598.25315875
2025-09-15,134.69106374999998,189.527965,276.89037,601.1093987500001
2025-09-16,132.11186625,202.2796325,319.32696000000004,653.7184587500001
2025-09-17,155.66069124999999,265.853115,341.20914,762.72294625
2025-09-18,144.86288624999997,266.97632500000003,326.31546000000003,738.1546712500001
2025-09-19,165.35587625,316.6753975,348.05654000000004,830.08781375
2025-09-20,102.10837500000001,228.97998750000002,229.68862000000001,560.7769825
2025-09-21,110.36854749999999,207.7361825,197.28688,515.39161
2025-09-22,185.23941624999998,404.31435000000005,311.4929,901.04666625
2025-09-23,234.48582374999995,456.70482000000004,380.36878,1071.55942375
2025-09-24,176.66997125,403.28037750000004,317.23548000000005,897.1858287500002
2025-09-25,164.5657375,368.03877,309.35065000000003,841.9551575
2025-09-26,174.58742875,400.80169250000006,395.22263,970.61175125
2025-09-27,150.72416749999996,338.2154325,304.09654,793.0361399999999
2025-09-28,155.2939375,341.1485,260.64496,757.0873975
2025-09-29,230.04784625,477.02704500000004,385.29402000000005,1092.36891125
2025-09-30,278.46962625000003,507.4378925000001,459.98387,1245.8913887500003
2025-10-01,266.23719125,500.09998500000006,478.76591,1245.1030862500002
2025-10-02,214.52438124999998,471.64447000000007,409.9707900000001,1096.13964125
2025-10-03,172.01080249999998,274.45643500000006,296.09171000000003,742.5589475
2025-10-04,125.1564225,143.859595,218.6716,487.68761750000004
2025-10-05,122.39464499999998,145.47326750000002,175.87264000000002,443.74055250000004
2025-10-06,203.02777,350.08853,391.52242,944.63872
2025-10-07,263.4671475,535.0846050000001,538.02723,1336.5789825000002
2025-10-08,272.702185,552.8552425,534.0466100000001,1359.6040375000002
2025-10-09,269.0906625,546.0668400000001,516.08228,1331.2397825
2025-10-10,233.93213375,440.5456275000001,437.4463800000001,1111.92414125
2025-10-11,200.4061575,396.47863750000005,331.92008000000004,928.804875
2025-10-12,198.03758999999997,416.7497675,327.93414000000007,942.7214975
2025-10-13,305.38823375,523.3727125,572.22129,1400.98223625
2025-10-14,335.904275,543.9226375000001,636.3794900000001,1516.2064025000002
2025-10-15,336.11150499999997,573.11782,650.46253,1559.691855
2025-10-16,299.6856475,551.4100625,587.0649400000001,1438.1606500000003
2025-10-17,322.83894625,546.441445,574.81106,1444.09145125
2025-10-18,236.6725975,418.8190875,408.42954000000003,1063.921225
2025-10-19,152.88021375000002,300.18744250000003,264.70116,717.7688162500001
2025-10-20,199.89309749999998,330.1127225,364.0743,894.08012
2025-10-21,203.28846499999997,329.4811575,394.71799000000004,927.4876125000001
2025-10-22,273.56100375,493.04959,492.75358,1259.36417375
2025-10-23,197.38162375,359.03021,330.37776,886.78959375
2025-10-24,168.01140375,237.68508500000002,280.09897,685.7954587500001
2025-10-25,119.85271999999999,188.9215625,255.59785000000002,564.3721325
2025-10-26,113.60430625000001,187.928895,204.45633,505.98953125
2025-10-27,177.13207375,251.57024750000002,320.27074,748.97306125
2025-10-28,188.28923749999998,272.28929750000003,367.93862,828.517155
2025-10-29,204.67400750000002,375.240965,426.62338,1006.5383525
2025-10-30,204.1644325,354.97866250000004,396.61183000000005,955.7549250000001
2025-10-31,218.59813375000002,410.5716175,391.05071,1020.22046125
2025-11-01,142.95620875,218.66273,267.48512,629.1040587499999
2025-11-02,169.09090375000002,305.23721250000006,295.17895,769.5070662500001
2025-11-03,230.03040000000001,381.5964350000001,360.01142000000004,971.6382550000002
2025-11-04,248.10754125,410.83009000000004,353.89196,1012.82959125
2025-11-05,259.52044875,456.24884249999997,385.55677000000003,1101.3260612499998
2025-11-06,304.3469625,517.0465300000001,484.99682000000007,1306.3903125000002
2025-11-07,320.97030624999996,540.2566400000001,557.27408,1418.50102625
2025-11-08,317.88878,529.4032975,494.65947,1341.9515475
2025-11-09,306.74972125,521.4004125,436.69488,1264.84501375
2025-11-10,310.4295625,553.227125,515.84483,1379.5015174999999
2025-11-11,268.15731999999997,501.30124000000006,471.57675,1241.03531
2025-11-12,263.77865124999994,422.27935750000006,429.7282,1115.78620875
2025-11-13,246.97701999999998,343.3146474999999,457.98081,1048.2724775
2025-11-14,306.68786249999994,484.35717000000005,520.64047,1311.6855025
2025-11-15,227.42098499999994,413.503805,398.35721,1039.282
2025-11-16,259.60362125000006,443.48504750000006,380.45009000000005,1083.5387587500002
2025-11-17,305.33313250000003,509.89985750000005,472.30936,1287.5423500000002
2025-11-18,332.1498675,518.1182325,559.94424,1410.21234
2025-11-19,346.52621500000004,556.419875,616.0327900000001,1518.9788800000001
2025-11-20,376.33909375,558.17267,661.0128800000001,1595.52464375
2025-11-21,403.86462249999994,570.9407000000001,704.2034900000001,1679.0088125000002
2025-11-22,288.3066975,435.08198250000004,446.17809,1169.56677
2025-11-23,267.56185250000004,337.38817750000004,353.18898,958.1390100000001
2025-11-24,405.14508374999997,497.68658500000004,563.3454800000001,1466.17714875
2025-11-25,457.68970375,547.9477850000001,623.8879200000001,1629.5254087500002
2025-11-26,426.76137,556.6308,696.0590100000001,1679.45118
2025-11-27,339.3388275,454.92331500000006,555.18092,1349.4430625
2025-11-28,312.61200125,451.5800025000001,544.6878800000001,1308.8798837500003
2025-11-29,274.43990375,412.7943875,450.04265,1137.2769412500002
2025-11-30,256.87756499999995,382.10430500000007,407.10836,1046.09023
2025-12-01,309.08686000000006,446.4992950000001,542.7429500000001,1298.3291050000003
2025-12-02,346.48994124999996,507.282985,642.28709,1496.06001625
2025-12-03,394.42008125,595.402115,741.6443,1731.46649625
2025-12-04,372.39103499999993,588.8075875000001,681.6396300000001,1642.8382525000002
2025-12-05,359.16036,607.115025,682.21109,1648.486475
2025-12-06,210.380355,369.4842525,342.44099,922.3055975
2025-12-07,188.99654375,329.54663500000004,338.62409,857.1672687500001
2025-12-08,223.34882625,382.889375,381.38348,987.6216812499999
2025-12-09,259.36681125,437.9217975,515.85622,1213.1448287500002
2025-12-10,263.46478874999997,426.951085,579.89808,1270.31395375
2025-12-11,258.53880499999997,453.56195500000007,616.5690800000001,1328.66984
2025-12-12,315.3316825,501.9806275,713.68888,1531.00119
2025-12-13,260.27833,387.9602375,579.40954,1227.6481075000002
2025-12-14,213.9907725,332.0156675,447.62099,993.62743
2025-12-15,297.16359124999997,411.93759750000004,603.2915,1312.3926887500002
2025-12-16,362.56841375,503.55217000000005,728.1585500000001,1594.2791337500003
2025-12-17,377.0226425,500.02799000000005,758.80235,1635.8529825
2025-12-18,242.61195124999998,369.8641375,540.45313,1152.92921875
2025-12-19,236.48104999999995,371.39993000000004,634.34463,1242.22561
2025-12-20,250.52315625000003,418.84859500000005,597.73661,1267.1083612500001
2025-12-21,213.9326325,363.1415975,463.65603000000004,1040.73026
2025-12-22,237.08302,383.3236550000001,522.26616,1142.672835
2025-12-23,210.49776125,347.2050175,501.5142,1059.21697875
2025-12-24,187.36091,228.51149750000002,367.30815,783.1805575000001
2025-12-25,185.8556025,252.97959500000002,406.44996000000003,845.2851575000001
2025-12-26,195.26746125,312.716635,502.66301000000004,1010.64710625
2025-12-27,176.64838124999997,303.51695,429.55858,909.72391125
2025-12-28,177.65053125,297.41252749999995,443.05546,918.11851875
2025-12-29,219.7377075,358.589605,573.36882,1151.6961325000002
2025-12-30,203.33523625,330.87631500000003,499.24213000000003,1033.45368125
2025-12-31,230.55098249999998,320.9287675,490.58902,1042.0687699999999
2026-01-01,204.87564874999998,197.04613500000005,334.96022000000005,736.8820037500001
2026-01-02,237.70787625000003,234.840595,403.3009,875.8493712500001
2026-01-03,194.72596875,264.47586,458.06079,917.26261875
2026-01-04,215.42827124999997,340.84800750000005,501.67605000000003,1057.95232875
2026-01-05,323.17822375,516.43614,730.75895,1570.3733137499999
2026-01-06,366.39910875,549.4125725000001,744.55249,1660.3641712500003
2026-01-07,371.12077374999996,517.4110425,735.22077,1623.7525862500001
2026-01-08,418.31974375,562.6779125,740.31227,1721.30992625
2026-01-09,342.65482625,391.1867025,533.29029,1267.13181875
2026-01-10,304.42981625000004,436.5332675000001,535.72324,1276.6863237500002
2026-01-11,290.9461175,412.68799,537.30087,1240.9349775
2026-01-12,385.798595,537.0170575,664.06172,1586.8773725
2026-01-13,399.013035,547.88976,701.22117,1648.123965
2026-01-14,0.0,0.0,0.5539200000000001,0.5539200000000001
